url,id,Lng,Lat,Cid,tradeTime,DOM,followers,totalPrice,price,square,livingRoom,drawingRoom,kitchen,bathRoom,floor,buildingType,constructionTime,renovationCondition,buildingStructure,ladderRatio,elevator,fiveYearsProperty,subway,district,communityAverage
https://bj.lianjia.com/chengjiao/BJHD89162028.html,BJHD89162028,116.364538,39.957757,1111027380269,2016-02-24,1,22,220,47517,46.3,1,0,1,1,19,1,2004,4,6,0.154,1,1,0,8,76567
https://bj.lianjia.com/chengjiao/BJFS90973208.html,BJFS90973208,116.128533,39.723864,1111027377376,2015-12-26,1,5,150,14747,101.72,3,1,1,1,6,4,2003,3,2,0.5,0,1,1,5,30846
https://bj.lianjia.com/chengjiao/BJCY88433259.html,BJCY88433259,116.462122,39.923796,1111027380611,2015-03-23,1,0,896,67147,133.44,2,2,1,2,33,1,2003,4,6,0.5,1,0,1,7,103114
https://bj.lianjia.com/chengjiao/BJFT84471649.html,BJFT84471649,116.430848,39.869676,1111027374324,2012-05-07,1,0,246,26143,94.1,3,1,1,1,22,1,1992,1,6,0.222,1,1,0,2,60465
https://bj.lianjia.com/chengjiao/101100797890.html,101100797890,116.422099,40.050196,1111027374973,2017-03-18,135,59,480,69035,69.53,1,0,1,1,19,3,2007,4,6,0.211,1,1,1,7,61727
https://bj.lianjia.com/chengjiao/101101254650.html,101101254650,116.665923,40.186753,1111027381403,2017-03-10,11,0,78.5,23788,33,1,0,1,1,15,4,2014,1,6,0.13,1,0,0,13,43947
https://bj.lianjia.com/chengjiao/101100829572.html,101100829572,116.330198,40.074228,1111027381003,2016-12-29,50,44,288,61277,47,1,0,1,1,20,3,2007,4,6,0.5,1,0,1,6,50205
https://bj.lianjia.com/chengjiao/BJSY84994300.html,BJSY84994300,116.560168,40.110054,1111027380329,2012-11-15,1,0,252,15750,160,3,1,1,2,11,4,2000,1,2,0.5,1,1,0,13,44446
https://bj.lianjia.com/chengjiao/101101123839.html,101101123839,116.446478,39.936531,1111027374016,2017-02-09,4,1,515,92927,55.42,2,1,1,1,6,4,1994,3,2,0.2,0,1,1,1,84810
https://bj.lianjia.com/chengjiao/BJCY01297767.html,BJCY01297767,116.503578,39.961829,1111027378611,2011-12-31,1,0,140,20403,68.62,2,1,1,1,6,4,1987,1,2,0.5,0,1,0,7,54832
https://bj.lianjia.com/chengjiao/BJTJ91932424.html,BJTJ91932424,116.664848,39.942927,1111027381046,2016-04-27,1,9,220,29078,75.66,2,1,1,1,6,4,1997,3,2,0.5,0,1,0,11,37601
https://bj.lianjia.com/chengjiao/101100232230.html,101100232230,116.421876,40.008585,1111027382177,2016-09-13,80,37,580,51995,111.55,2,1,1,2,26,1,1999,3,6,0.2,1,0,1,7,66408
https://bj.lianjia.com/chengjiao/BJ0000616473.html,BJ0000616473,116.111318,39.949921,1111027377794,2013-02-21,1,0,260,20039,129.75,3,2,0,2,6,4,2003,3,2,0.5,0,0,0,12,36923
https://bj.lianjia.com/chengjiao/BJSJ91665087.html,BJSJ91665087,116.22664,39.907108,1111027381546,2016-03-17,1,7,260,34621,75.1,2,1,1,1,6,4,1995,3,2,0.5,0,1,1,9,47958
https://bj.lianjia.com/chengjiao/101100496713.html,101100496713,116.348379,39.898284,1111027380894,2016-09-06,11,11,830,73160,113.45,2,1,1,1,28,1,2008,4,6,0.333,1,0,1,10,80976
https://bj.lianjia.com/chengjiao/BJSJ88859908.html,BJSJ88859908,116.210647,39.939312,1111027381804,2015-03-12,1,2,480,34533,139,3,2,1,1,23,3,2009,1,6,0.667,1,0,0,9,56192
https://bj.lianjia.com/chengjiao/BJTJ90147410.html,BJTJ90147410,116.695911,39.894711,1111027380732,2015-08-30,1,6,260,26171,99.35,2,1,1,1,11,4,2002,3,6,0.5,1,1,0,11,43455
https://bj.lianjia.com/chengjiao/BJCY91724821.html,BJCY91724821,116.463953,39.934066,1111027382354,2016-03-18,1,2,319,76942,41.46,1,1,1,1,6,4,1991,3,2,0.333,0,1,1,7,76302
https://bj.lianjia.com/chengjiao/BJCP00438897.html,BJCP00438897,116.35699,40.093976,1111027380088,2012-06-30,1,0,168,16996,98.85,2,1,1,1,6,4,2005,1,2,0.333,0,1,1,6,46280
https://bj.lianjia.com/chengjiao/101092113938.html,101092113938,116.313465,39.856611,1111027379296,2016-07-10,69,37,265,35395,74.87,1,1,1,1,15,1,2006,3,6,1,1,1,1,2,53205
https://bj.lianjia.com/chengjiao/101100476120.html,101100476120,116.503578,39.961829,1111027378611,2016-09-09,18,21,327,50308,65,3,1,1,1,6,4,1987,3,2,0.5,0,1,0,7,54832
https://bj.lianjia.com/chengjiao/101100990674.html,101100990674,116.257104,39.873962,1111027380345,2017-02-26,67,80,620,74181,83.58,3,2,1,2,3,3,2010,4,6,0.25,0,1,1,2,70205
https://bj.lianjia.com/chengjiao/BJCY89431134.html,BJCY89431134,116.446047,39.964131,1111027377814,2015-06-20,1,3,270,40663,66.4,2,1,1,1,18,1,1987,3,6,0.286,1,0,1,7,69318
https://bj.lianjia.com/chengjiao/BJHD84768002.html,BJHD84768002,116.263038,39.926362,1111027381749,2012-08-26,1,0,210,28510,73.66,2,1,1,1,6,4,2000,1,2,0.333,0,0,0,8,65567
https://bj.lianjia.com/chengjiao/BJXC84312789.html,BJXC84312789,116.348013,39.916205,1111027379424,2012-02-19,1,0,350,41129,85.1,2,1,1,1,5,4,1965,1,4,0.333,0,1,1,10,122504
https://bj.lianjia.com/chengjiao/BJCY90160215.html,BJCY90160215,116.454135,39.850772,1111027382460,2015-10-18,1,2,138,29108,47.41,1,1,1,1,20,1,2011,4,6,0.222,1,0,1,7,44711
https://bj.lianjia.com/chengjiao/BJCP90412231.html,BJCP90412231,116.330198,40.074228,1111027381003,2016-01-16,1,36,299,32872,90.96,2,1,1,1,20,3,2007,4,6,0.667,1,1,1,6,50205
https://bj.lianjia.com/chengjiao/BJCY89821082.html,BJCY89821082,116.449979,39.912338,1111027376849,2016-01-14,1,35,392,46728,83.89,1,1,1,1,26,1,2004,4,6,0.3,1,1,1,7,70921
https://bj.lianjia.com/chengjiao/101100740318.html,101100740318,116.4388,40.054941,1111027375158,2016-10-31,14,28,418,62389,67,2,1,1,1,28,3,2011,4,6,0.19,1,0,1,7,77695
https://bj.lianjia.com/chengjiao/101092108361.html,101092108361,116.378897,40.015057,1111027378435,2016-08-10,102,28,291.5,59056,49.36,1,0,1,1,14,3,2005,4,6,0.25,1,0,0,7,70113
https://bj.lianjia.com/chengjiao/101100350856.html,101100350856,116.351677,39.980567,1111027378230,2016-09-20,58,52,617,78300,78.8,3,1,1,1,6,4,1996,4,2,0.333,0,0,1,8,74710
https://bj.lianjia.com/chengjiao/BJFT89739835.html,BJFT89739835,116.255917,39.880421,1111027379836,2016-03-05,1,71,210,34763,60.41,1,1,1,1,13,4,2004,4,6,0.667,1,1,0,2,59419
https://bj.lianjia.com/chengjiao/101100666533.html,101100666533,116.658104,39.8932,1111027377800,2016-10-23,21,13,235,54373,43.22,1,0,1,1,6,3,2006,3,6,0.333,0,0,1,11,42519
https://bj.lianjia.com/chengjiao/BJSY84989835.html,BJSY84989835,116.688628,40.123965,1111027375861,2012-11-11,1,0,91,13100,69.47,1,1,1,1,6,4,1993,1,2,0.5,0,1,0,13,35971
https://bj.lianjia.com/chengjiao/101092281070.html,101092281070,116.374154,39.896982,1111027381636,2017-01-19,236,50,750,77971,96.19,2,1,1,1,18,1,1999,3,6,0.333,1,0,1,10,76520
https://bj.lianjia.com/chengjiao/BJFT89717705.html,BJFT89717705,116.437597,39.863044,1111027375508,2015-07-12,1,2,172,29722,57.87,2,1,1,1,6,4,1988,4,2,0.2,0,1,1,2,54135
https://bj.lianjia.com/chengjiao/101100337474.html,101100337474,116.593413,39.773674,1111046997447,2016-08-29,39,54,258,28989,89,3,2,1,1,16,4,2014,4,6,0.333,0,0,0,11,36263
https://bj.lianjia.com/chengjiao/BJXC84210633.html,BJXC84210633,116.37324,39.902901,1111027379491,2012-04-22,1,0,164,28218,58.12,2,1,1,1,6,4,1988,1,4,0.333,0,0,1,10,93628
https://bj.lianjia.com/chengjiao/101101487110.html,101101487110,116.477171,39.994969,1111027380260,2017-07-05,78,2,418,75520,55.35,2,1,1,1,6,4,1982,3,2,0.333,0,0,1,7,55784
https://bj.lianjia.com/chengjiao/101100792375.html,101100792375,116.431552,40.082903,1111027380040,2017-02-22,113,64,870,38143,228.09,4,2,1,3,12,4,2005,3,6,0.5,1,0,0,6,36869
https://bj.lianjia.com/chengjiao/BJCY91572674.html,BJCY91572674,116.491073,39.936639,1111027377991,2016-02-28,1,3,265,52663,50.32,2,1,1,1,6,4,1982,4,2,0.333,0,0,1,7,56638
https://bj.lianjia.com/chengjiao/BJCY89964997.html,BJCY89964997,116.474739,39.866425,1111027374020,2015-09-24,1,4,256,27718,92.36,3,1,1,1,6,4,1998,3,4,0.067,0,1,1,7,50690
https://bj.lianjia.com/chengjiao/BJDC84829953.html,BJDC84829953,116.411858,39.869364,1111027375142,2012-08-19,1,0,159.3,20956,76,2,1,1,1,12,3,2009,1,6,0.167,1,1,1,1,67507
https://bj.lianjia.com/chengjiao/BJCP90706722.html,BJCP90706722,116.322609,40.089206,1111027379920,2016-04-11,1,45,255,19930,127.95,3,1,1,2,6,4,2008,2,4,0.5,0,1,0,6,40386
https://bj.lianjia.com/chengjiao/101101785641.html,101101785641,116.612765,39.905006,1111027374043,2017-08-28,52,15,370,50014,73.98,2,1,1,1,22,1,2005,4,6,0.25,1,1,0,7,45447
https://bj.lianjia.com/chengjiao/101101948264.html,101101948264,116.478715,39.916424,1111027380171,2017-11-16,95,24,1000,69828,143.21,3,1,1,2,30,1,2005,3,6,0.5,1,1,1,7,79774
https://bj.lianjia.com/chengjiao/101101445803.html,101101445803,116.487808,39.889853,1111027378758,2017-06-05,60,108,361,75985,47.51,2,1,1,1,6,4,1995,1,2,0.333,0,0,1,7,58444
https://bj.lianjia.com/chengjiao/BJXC88314651.html,BJXC88314651,116.357981,39.938489,1111027377146,2014-12-07,1,6,1465,73460,199.43,3,2,1,2,14,3,2004,4,6,1,1,1,1,10,135995
https://bj.lianjia.com/chengjiao/101100410031.html,101100410031,116.421451,40.070785,1111027380046,2016-08-22,15,23,390,32235,120.99,2,1,1,2,12,4,2000,4,2,0.25,1,1,1,6,35393
https://bj.lianjia.com/chengjiao/BJTJ92036062.html,BJTJ92036062,116.658104,39.8932,1111027377800,2016-05-07,1,24,185.5,40806,45.46,1,0,1,1,18,3,2006,3,6,0.4,1,1,1,11,42519
https://bj.lianjia.com/chengjiao/101100215769.html,101100215769,116.425978,40.002211,1111027378686,2016-09-04,75,88,541,51682,104.68,2,2,1,1,20,1,2000,4,6,0.286,1,0,1,7,77070
https://bj.lianjia.com/chengjiao/BJCP00480101.html,BJCP00480101,116.357513,40.0711,1111027380996,2012-03-18,1,0,172,16965,101.39,2,1,1,1,32,1,2003,1,6,0.3,1,1,1,8,52390
https://bj.lianjia.com/chengjiao/BJXC84452520.html,BJXC84452520,116.373903,39.89381,1111027378528,2012-04-16,1,0,215,29304,73.37,2,1,1,1,19,1,1999,1,6,0.25,1,1,1,10,79007
https://bj.lianjia.com/chengjiao/101102064220.html,101102064220,116.209665,39.922812,1111027375874,2017-09-17,8,17,387,54508,71,2,1,1,1,7,4,1999,4,2,0.5,0,1,0,9,49268
https://bj.lianjia.com/chengjiao/101101785520.html,101101785520,116.48675,39.933839999999996,1111027380007,2017-10-22,108,135,255,61431,41.51,1,1,1,1,6,4,1988,3,2,0.333,0,0,1,7,59420
https://bj.lianjia.com/chengjiao/101100681181.html,101100681181,116.493655,39.905367,1111027375357,2016-11-30,56,54,557,57775,96.41,2,1,1,2,18,3,2008,4,6,0.167,1,1,1,7,65499
https://bj.lianjia.com/chengjiao/BJXC89280491.html,BJXC89280491,116.373903,39.89381,1111027378528,2015-04-30,1,9,323,43379,74.46,2,1,1,1,19,1,1999,4,6,0.25,1,1,1,10,79007
https://bj.lianjia.com/chengjiao/BJCY88184294.html,BJCY88184294,116.612765,39.905006,1111027374043,2014-12-18,1,1,325,25385,128.03,3,2,1,2,15,3,2005,4,6,0.5,1,1,0,7,45447
https://bj.lianjia.com/chengjiao/101100618988.html,101100618988,116.501651,39.923575,1111041134912,2016-12-14,83,53,440,50000,88,2,1,1,1,28,1,2009,1,6,0.3,1,1,0,7,51088
https://bj.lianjia.com/chengjiao/BJFT90366828.html,BJFT90366828,116.435657,39.875802,1111027374217,2015-10-11,1,2,202.5,40012,50.61,1,1,1,1,11,3,1992,3,6,0.2,1,1,1,2,67542
https://bj.lianjia.com/chengjiao/101102136886.html,101102136886,116.547665,39.749948,1111043010634,2017-10-30,32,54,220,27838,79.03,2,1,1,1,22,4,2009,4,6,0.25,0,1,0,11,28786
https://bj.lianjia.com/chengjiao/101100768525.html,101100768525,116.438215,39.994255,1111027379081,2016-11-02,8,9,230,33740,68.17,1,0,1,1,25,1,2008,4,6,0.353,1,1,0,7,39856
https://bj.lianjia.com/chengjiao/BJCP88956694.html,BJCP88956694,116.349009,40.074638,1111027377718,2015-05-24,1,16,223,27362,81.5,2,1,1,1,6,4,2004,4,2,0.333,0,1,1,6,47958
https://bj.lianjia.com/chengjiao/BJFT86585358.html,BJFT86585358,116.313465,39.856611,1111027379296,2013-11-29,1,5,232,34809,66.65,1,2,1,1,22,1,2006,1,6,0.333,1,1,1,2,53205
https://bj.lianjia.com/chengjiao/101100785754.html,101100785754,116.41678,40.071013,1111027380055,2016-11-15,15,5,560,35044,159.8,3,1,1,2,13,4,2001,4,2,0.5,1,1,1,6,34439
https://bj.lianjia.com/chengjiao/101100602009.html,101100602009,116.402983,39.859787,1111027382519,2016-09-30,11,0,810,48605,166.65,3,2,1,2,16,1,2002,4,6,0.4,1,0,0,2,50526
https://bj.lianjia.com/chengjiao/BJFT86063958.html,BJFT86063958,116.34581,39.86288,1111027380429,2013-06-29,1,0,480,35606,134.81,4,2,1,1,11,4,2006,1,6,0.5,1,0,0,2,63742
https://bj.lianjia.com/chengjiao/101100453574.html,101100453574,116.314787,39.981606,1111027374928,2016-12-11,116,144,493,104229,47.3,2,1,1,1,16,1,1989,4,6,0.25,1,0,1,8,92592
https://bj.lianjia.com/chengjiao/101101390467.html,101101390467,116.430843,39.998466,1111027381713,2017-04-25,30,14,528,88369,59.75,2,1,1,1,6,4,1992,1,2,0.333,0,1,1,7,72718
https://bj.lianjia.com/chengjiao/101100749095.html,101100749095,116.438381,39.964399,1111027373927,2016-11-20,32,35,440,75810,58.04,2,1,1,1,6,4,1992,4,4,0.5,0,1,1,7,68475
https://bj.lianjia.com/chengjiao/101100703775.html,101100703775,116.385168,39.900454,1111027376564,2016-11-09,30,23,900,107067,84.06,3,1,1,1,18,1,1999,3,6,0.143,1,1,1,10,106865
https://bj.lianjia.com/chengjiao/101101218772.html,101101218772,116.454091,39.892604,1111027377352,2017-02-28,6,21,303,69784,43.42,1,1,1,1,16,1,1982,4,6,0.25,1,1,1,7,58282
https://bj.lianjia.com/chengjiao/101100220745.html,101100220745,116.415742,40.077796,1111027380053,2016-08-29,68,29,275,29095,94.52,2,1,1,1,32,1,2003,3,2,0.3,1,0,1,6,37661
https://bj.lianjia.com/chengjiao/101102070094.html,101102070094,116.442298,39.970551,1111027374756,2017-11-12,62,47,323,71938,44.9,1,1,1,1,18,1,1988,4,6,0.25,1,1,1,7,68650
https://bj.lianjia.com/chengjiao/101100950258.html,101100950258,116.360877,39.902029,1111027374888,2016-12-31,21,23,399,83473,47.8,1,1,1,1,6,4,1992,3,2,0.03,0,0,1,10,90647
https://bj.lianjia.com/chengjiao/BJDX89757468.html,BJDX89757468,116.331607,39.777363,1111027377184,2015-07-12,1,1,210,26026,80.69,3,1,1,1,7,4,1998,3,2,0.5,0,1,1,4,45296
https://bj.lianjia.com/chengjiao/BJCY88516761.html,BJCY88516761,116.445972,39.985587,1111041464248,2014-12-11,1,2,1130,70182,161.01,3,2,1,2,25,4,2012,4,6,1,1,0,1,7,146493
https://bj.lianjia.com/chengjiao/101102349384.html,101102349384,116.558938,39.922567,1111027373708,2017-12-07,9,167,273.5,48237,56.7,2,1,1,1,6,4,1988,4,2,0.333,0,1,1,7,48116
https://bj.lianjia.com/chengjiao/101100536082.html,101100536082,116.415924,39.997995,1111027375599,2016-09-28,24,17,710,79776,89,2,2,1,1,5,4,1990,1,2,0.5,0,0,1,7,69012
https://bj.lianjia.com/chengjiao/101090768961.html,101090768961,116.385135,39.977329,1111027376971,2016-07-30,276,18,308,42778,72,1,1,1,1,30,1,2010,4,6,0.345,1,0,1,8,56608
https://bj.lianjia.com/chengjiao/BJSY89675850.html,BJSY89675850,116.654713,40.185553,1111027379853,2015-11-02,1,10,148,16241,91.13,3,1,1,1,6,4,2011,3,2,0.5,0,0,0,13,32776
https://bj.lianjia.com/chengjiao/101100869208.html,101100869208,116.435693,39.902993,1111043316306,2016-12-12,22,8,600,89553,67,1,1,1,1,18,1,2003,4,6,0.273,1,1,1,1,91315
https://bj.lianjia.com/chengjiao/101100497271.html,101100497271,116.37913,39.887761,1111027378771,2016-09-11,16,18,390,80981,48.16,1,0,1,1,9,4,1999,4,6,1,1,1,1,10,91902
https://bj.lianjia.com/chengjiao/BJXC84986965.html,BJXC84986965,116.370773,39.894583,1111027374478,2012-10-07,1,0,185,32074,57.68,2,1,1,1,6,4,1986,1,2,0.5,0,0,1,10,78832
https://bj.lianjia.com/chengjiao/101100762589.html,101100762589,116.352882,40.05023,1111027378224,2017-02-09,109,71,382,80779,47.29,1,1,1,1,18,4,2007,3,6,0.5,1,1,1,8,71309
https://bj.lianjia.com/chengjiao/101092138019.html,101092138019,116.385656,39.875477,1111027382127,2016-08-04,90,16,259.5,45527,57,2,1,1,1,6,4,1992,3,2,0.5,0,1,0,2,57889
https://bj.lianjia.com/chengjiao/101101090810.html,101101090810,116.375366,39.958063,1111027380525,2017-02-28,40,136,347.5,92421,37.6,1,0,1,1,12,3,2004,4,6,0.059,1,1,1,8,81204
https://bj.lianjia.com/chengjiao/101101528734.html,101101528734,116.147569,39.903963,1111052133592,2017-07-22,84,72,428,48015,89.14,3,1,1,1,22,4,2013,4,6,0.667,1,0,0,12,44889
https://bj.lianjia.com/chengjiao/101101279379.html,101101279379,116.320895,40.061583,1111027378128,2017-03-13,9,0,1510,77836,194,3,2,1,3,4,4,2004,1,6,0.5,0,0,0,8,69655
https://bj.lianjia.com/chengjiao/101100861324.html,101100861324,116.22664,39.907108,1111027381546,2016-12-23,35,30,539,47899,112.53,3,1,1,1,18,1,1998,4,6,0.25,1,0,0,9,47958
https://bj.lianjia.com/chengjiao/101100511120.html,101100511120,116.42796,40.041263,1111027376276,2016-09-16,17,20,312,58047,53.75,2,1,1,1,6,4,1984,4,2,0.5,0,0,1,7,56356
https://bj.lianjia.com/chengjiao/101101277849.html,101101277849,116.695201,39.934643,1111027375151,2017-03-09,6,13,355,52137,68.09,2,1,1,1,6,4,1999,3,2,0.5,0,1,0,11,36953
https://bj.lianjia.com/chengjiao/101100524486.html,101100524486,116.233381,39.896656,1111027377174,2016-09-21,19,10,475,60580,78.41,2,1,1,1,23,1,2004,3,6,0.333,1,1,0,9,63657
https://bj.lianjia.com/chengjiao/101101380248.html,101101380248,116.30313,39.950488,1111027376363,2017-03-26,3,27,735,92453,79.5,3,1,1,1,21,1,1991,3,6,0.25,1,0,1,8,81990
https://bj.lianjia.com/chengjiao/101101971366.html,101101971366,116.435212,39.919736,1111027382254,2017-11-06,79,35,425,99977,42.51,1,1,1,1,6,4,1990,4,4,0.333,0,1,1,1,92868
https://bj.lianjia.com/chengjiao/101100310387.html,101100310387,116.44072799999999,39.963453,1111027375051,2016-07-27,14,11,770,54918,140.21,2,2,1,2,26,1,2001,3,6,0.5,1,0,1,7,69767
https://bj.lianjia.com/chengjiao/101100821112.html,101100821112,116.414596,39.987331,1111027375675,2016-11-15,8,10,410,74128,55.31,2,1,1,1,6,4,1986,4,2,0.5,0,1,1,7,68782
https://bj.lianjia.com/chengjiao/101091770063.html,101091770063,116.324073,40.082161,1111027374726,2016-06-27,104,17,375,37674,99.54,2,2,1,1,6,4,2006,4,6,0.5,0,1,1,6,49033
https://bj.lianjia.com/chengjiao/101101144117.html,101101144117,116.497474,39.810115,1111027377957,2017-02-27,18,29,260,47017,55.3,1,1,1,1,24,1,2009,4,6,0.25,1,0,1,3,54282
https://bj.lianjia.com/chengjiao/101101023038.html,101101023038,116.445996,40.069568,1111027380049,2017-01-22,22,39,480,36975,129.82,3,1,1,2,7,4,2001,4,2,0.5,0,1,0,6,38156
https://bj.lianjia.com/chengjiao/101100524794.html,101100524794,116.432142,39.902354,1111027380930,2016-09-22,20,0,550,92082,59.73,1,1,1,1,17,4,2004,1,6,0.25,1,0,1,1,95392
https://bj.lianjia.com/chengjiao/101101231762.html,101101231762,116.311776,40.084907,1111027375926,2017-03-15,19,37,480,50870,94.36,2,2,1,1,6,4,2004,4,2,0.5,0,0,0,6,44513
https://bj.lianjia.com/chengjiao/101092212193.html,101092212193,116.442526,39.972399,1111027380578,2016-08-18,93,19,298,52781,56.46,2,1,1,1,6,4,1988,3,2,0.2,0,1,1,7,64238
https://bj.lianjia.com/chengjiao/101101926636.html,101101926636,116.371187,40.00245,1111027379638,2017-12-03,117,45,720,77395,93.03,3,1,1,1,16,1,1990,1,6,0.25,1,0,1,8,80401
https://bj.lianjia.com/chengjiao/BJ0000616993.html,BJ0000616993,116.12215,39.932268,1111027378707,2013-10-20,1,0,152,22081,68.84,2,1,0,1,6,4,1998,3,2,0.5,0,0,0,12,35181
https://bj.lianjia.com/chengjiao/101100408133.html,101100408133,116.329005,39.952394,1111027375325,2016-09-26,51,16,1190,94415,126.04,3,2,1,1,24,1,2003,4,6,0.5,1,0,1,8,106132
https://bj.lianjia.com/chengjiao/101101215369.html,101101215369,116.501583,39.964009,1111027376839,2017-03-07,14,54,670,73651,90.97,2,2,1,1,18,1,2000,4,6,0.2,1,1,1,7,55868
https://bj.lianjia.com/chengjiao/101101242711.html,101101242711,116.49954,39.904937,1111027376768,2017-03-15,17,8,325,81332,39.96,1,0,1,1,21,3,2007,4,6,0.154,1,1,1,7,66753
https://bj.lianjia.com/chengjiao/101100442516.html,101100442516,116.51152,39.901436,1111027381719,2016-09-28,45,52,750,52156,143.8,3,2,1,2,21,3,2008,4,6,1,1,0,0,7,62702
https://bj.lianjia.com/chengjiao/101101816363.html,101101816363,116.351337,39.931197,1111027382586,2017-07-16,2,0,412,117046,35.2,1,0,1,1,6,4,1978,4,2,0.333,0,1,1,10,93676
https://bj.lianjia.com/chengjiao/101100323549.html,101100323549,116.373628,40.094838,1111027377946,2016-07-27,10,25,295,29113,101.33,2,2,1,1,6,4,2007,4,2,0.5,0,1,0,6,37382
https://bj.lianjia.com/chengjiao/BJDC84102192.html,BJDC84102192,116.430437,39.890343,1111027380094,2012-03-15,1,0,145,22020,65.85,2,1,1,1,6,4,1987,1,2,0.25,0,1,1,1,81193
https://bj.lianjia.com/chengjiao/101101293103.html,101101293103,116.612342,39.935122,1111041137077,2017-04-07,32,176,431.5,49208,87.69,2,1,1,1,24,1,2010,3,6,0.333,1,1,1,7,44892
https://bj.lianjia.com/chengjiao/BJCP91576797.html,BJCP91576797,116.309045,40.083072,1111027378159,2016-03-02,1,1,265,31045,85.36,2,2,1,1,6,4,2000,1,2,0.5,0,1,0,6,41411
https://bj.lianjia.com/chengjiao/101101209975.html,101101209975,116.695201,39.934643,1111027375151,2017-02-27,7,18,269,47318,56.85,2,1,1,1,5,4,2000,4,2,0.5,0,0,0,11,36953
https://bj.lianjia.com/chengjiao/101101221600.html,101101221600,116.362081,39.932743,1111027374169,2017-07-26,154,69,565,100000,56.5,2,1,1,1,13,3,1981,3,2,0.125,1,1,1,10,103706
https://bj.lianjia.com/chengjiao/101100912444.html,101100912444,116.471006,40.016871,1111027379372,2017-01-21,51,26,1355,87420,155,3,2,1,2,26,3,2007,4,6,1,1,1,1,7,82517
https://bj.lianjia.com/chengjiao/BJCY91937314.html,BJCY91937314,116.404579,39.978491,1111027375686,2016-05-14,1,19,276.8,59875,46.23,1,1,1,1,16,3,1986,3,6,0.167,1,1,1,7,72138
https://bj.lianjia.com/chengjiao/BJFT85760917.html,BJFT85760917,116.441833,39.866749,1111027374411,2013-06-02,1,2,265,37653,70.38,2,1,1,1,17,3,1995,1,6,0.25,1,1,1,2,60626
https://bj.lianjia.com/chengjiao/101100241020.html,101100241020,116.360016,39.939659,1111027375999,2016-07-17,20,4,410,87795,46.7,2,1,1,1,16,3,1992,4,6,0.5,1,0,1,10,96915
https://bj.lianjia.com/chengjiao/BJHD91825267.html,BJHD91825267,116.349984,39.992769,1111027382338,2016-05-14,1,7,390,67945,57.4,2,1,1,1,6,4,1991,3,2,0.333,0,1,1,8,86119
https://bj.lianjia.com/chengjiao/BJSJ91467295.html,BJSJ91467295,116.224768,39.904248,1111027377889,2016-03-04,1,16,205,31843,64.38,2,1,1,1,22,1,1996,3,6,0.25,1,1,0,9,49964
https://bj.lianjia.com/chengjiao/101100477803.html,101100477803,116.386555,40.0865,1111027382546,2016-10-31,69,101,414,49880,83,2,1,1,1,10,4,2007,4,6,0.333,1,1,0,6,47574
https://bj.lianjia.com/chengjiao/101101462998.html,101101462998,116.670101,40.118729,1111027379626,2017-04-30,19,15,298.5,42907,69.57,2,1,1,1,6,4,2000,1,2,0.5,0,0,0,13,34694
https://bj.lianjia.com/chengjiao/BJCY90473286.html,BJCY90473286,116.371718,40.017544,1111027378943,2015-10-01,1,3,250,39210,63.76,2,1,1,1,6,4,1994,3,2,0.333,0,1,0,7,66791
https://bj.lianjia.com/chengjiao/BJCY84995084.html,BJCY84995084,116.478815,39.948291,1111027376649,2012-11-18,1,1,200,27398,73,2,1,1,1,6,4,1993,1,4,0.5,0,0,1,7,68352
https://bj.lianjia.com/chengjiao/101091718223.html,101091718223,116.45831,39.923422,1111027379317,2016-06-16,100,5,325,56035,58,1,0,1,1,29,1,2008,1,6,0.231,1,0,1,7,75090
https://bj.lianjia.com/chengjiao/101100339742.html,101100339742,116.654682,40.125799,1111027382152,2016-08-01,10,6,403,35339,114.04,3,1,1,1,18,3,2005,4,2,0.5,1,1,0,13,43994
https://bj.lianjia.com/chengjiao/101100693629.html,101100693629,116.428732,40.048486,1111027376259,2017-01-15,99,60,544,57640,94.38,2,2,1,1,25,1,2005,4,6,0.3,1,1,1,7,51678
https://bj.lianjia.com/chengjiao/101101064216.html,101101064216,116.351541,40.07117,1111027376778,2017-03-13,61,24,746,60651,123,3,2,1,2,7,3,2008,4,6,0.5,1,1,1,6,53456
https://bj.lianjia.com/chengjiao/BJHD84314426.html,BJHD84314426,116.321953,40.058245,1111027378318,2012-03-08,1,0,140,19332,72.42,2,1,1,1,6,4,1998,1,2,0.5,0,0,1,8,60019
https://bj.lianjia.com/chengjiao/BJCY89160896.html,BJCY89160896,116.512873,39.939569,1111027379226,2015-04-18,1,0,307.5,31061,99,3,1,1,1,20,1,2000,4,6,0.25,1,1,0,7,53324
https://bj.lianjia.com/chengjiao/BJCY84572140.html,BJCY84572140,116.479692,40.0097,1111027380320,2012-06-17,1,0,260,24331,106.86,3,2,1,1,18,1,1997,1,6,0.333,1,1,1,7,59510
https://bj.lianjia.com/chengjiao/101101706743.html,101101706743,116.365562,39.982896,1111027380129,2017-08-23,68,87,818,87300,93.7,3,1,1,1,6,4,1989,4,2,0.333,0,1,1,8,85645
https://bj.lianjia.com/chengjiao/101101720330.html,101101720330,116.212671,39.900574,1111027379019,2017-07-17,27,17,550,63045,87.24,2,1,1,1,26,3,2012,4,6,0.5,1,0,0,9,57942
https://bj.lianjia.com/chengjiao/101100829608.html,101100829608,116.328627,39.979037,1111027382321,2017-01-10,62,24,435,107674,40.4,1,1,1,1,6,4,1988,4,2,0.333,0,1,1,8,96866
https://bj.lianjia.com/chengjiao/101101666572.html,101101666572,116.506464,39.924544,1111041135069,2017-07-12,37,15,370,55951,66.13,1,1,1,1,28,1,2009,4,6,0.333,1,0,1,7,52301
https://bj.lianjia.com/chengjiao/BJCY90276295.html,BJCY90276295,116.516836,39.906378,1111027376303,2015-11-26,1,16,302,29324,102.99,2,1,1,1,21,3,2006,4,6,0.4,1,1,0,7,54817
https://bj.lianjia.com/chengjiao/101102361539.html,101102361539,116.308665,40.103198,1111027378131,2017-12-14,12,15,389.5,46514,83.74,2,1,1,1,6,4,2011,4,6,0.333,0,1,0,6,49144
https://bj.lianjia.com/chengjiao/101092228613.html,101092228613,116.352791,39.889814,1111027376543,2016-08-12,85,78,323,89723,36,1,0,1,1,6,4,1983,4,2,0.2,0,1,0,10,87843
https://bj.lianjia.com/chengjiao/101101719752.html,101101719752,116.43942,40.072066,1111027380051,2017-10-18,121,211,352,35879,98.11,2,1,1,1,32,1,2002,4,2,0.375,1,1,0,6,40934
https://bj.lianjia.com/chengjiao/BJXC89516130.html,BJXC89516130,116.347957,39.907101,1111027378900,2015-12-19,1,8,615,72184,85.2,2,1,1,1,14,3,1996,3,2,0.133,1,1,1,10,111218
https://bj.lianjia.com/chengjiao/BJDC89267469.html,BJDC89267469,116.438381,39.964399,1111027373927,2015-04-18,1,1,344,50190,68.54,2,1,1,1,6,3,1994,3,2,0.5,0,1,1,7,68475
https://bj.lianjia.com/chengjiao/101088710736.html,101088710736,116.376709,39.867222,1111027376484,2016-06-19,540,57,240,42165,56.92,2,1,1,1,18,1,1996,3,6,0.25,1,0,1,2,58741
https://bj.lianjia.com/chengjiao/BJCY91023771.html,BJCY91023771,116.523444,39.92445,1111027376687,2016-02-22,1,35,430,34376,125.09,3,2,1,2,29,1,1999,4,6,0.375,1,1,1,7,58126
https://bj.lianjia.com/chengjiao/BJDC89574976.html,BJDC89574976,116.417021,39.97634,1111027379254,2015-08-14,1,7,441,29618,148.9,3,2,1,2,14,4,1996,2,6,1,1,0,1,1,54103
https://bj.lianjia.com/chengjiao/BJCY90664833.html,BJCY90664833,116.492867,39.966876,1111027377595,2015-10-30,1,0,490,41589,117.82,1,2,1,1,15,1,2007,4,6,0.3,1,1,1,7,75559
https://bj.lianjia.com/chengjiao/101092199343.html,101092199343,116.480675,39.868869,1111027382783,2016-08-17,94,56,237,49222,48.15,1,1,1,1,6,4,2006,4,2,0.25,0,0,0,7,60403
https://bj.lianjia.com/chengjiao/BJCY90398271.html,BJCY90398271,116.460032,39.879667,1111027375352,2015-09-27,1,4,258,41051,62.85,2,1,1,1,18,1,1997,4,6,0.2,1,1,1,7,55722
https://bj.lianjia.com/chengjiao/101091989188.html,101091989188,116.60292,39.909042,1111041802183,2016-06-27,75,14,458.5,39870,115,3,2,1,2,18,3,2011,4,6,0.667,1,0,1,7,54019
https://bj.lianjia.com/chengjiao/101100813210.html,101100813210,116.192696,39.921511,1111027374526,2017-02-14,100,62,309.5,49648,62.34,2,1,1,1,16,1,1986,4,6,0.286,1,0,0,9,46904
https://bj.lianjia.com/chengjiao/BJFT92265528.html,BJFT92265528,116.359122,39.851219,1111027376530,2016-05-30,1,1,404,43011,93.93,3,1,1,1,18,4,2003,3,6,2,1,1,1,2,58737
https://bj.lianjia.com/chengjiao/BJ0000615826.html,BJ0000615826,116.111318,39.949921,1111027377794,2011-11-12,1,0,125,14045,89,2,1,0,1,12,4,2011,2,6,0.25,1,0,0,12,36923
https://bj.lianjia.com/chengjiao/BJTJ84537030.html,BJTJ84537030,116.644167,39.932673,1111027379777,2012-12-22,1,0,220,16394,134.2,3,2,1,2,7,4,2001,1,2,0.5,0,1,1,11,42790
https://bj.lianjia.com/chengjiao/101102327813.html,101102327813,116.512916,39.966511,1111027374215,2017-11-27,6,5,720,61555,116.97,3,1,1,2,24,1,2008,3,6,0.286,1,1,0,7,57709
https://bj.lianjia.com/chengjiao/BJDC89649540.html,BJDC89649540,116.421263,39.946757,1111027377077,2015-06-28,1,2,568,78378,72.47,2,1,1,1,11,3,2003,4,2,0.25,1,1,1,1,123223
https://bj.lianjia.com/chengjiao/BJHD88882684.html,BJHD88882684,116.298736,39.934527,1111027376013,2015-04-21,1,3,193,42700,45.2,1,1,1,1,12,3,1996,3,6,0.25,1,1,1,8,80645
https://bj.lianjia.com/chengjiao/101100775566.html,101100775566,116.196272,39.915185,1111027374521,2016-12-08,42,55,240,44363,54.1,2,1,1,1,5,4,1980,1,2,0.333,0,0,1,9,46578
https://bj.lianjia.com/chengjiao/BJHD88253688.html,BJHD88253688,116.372382,39.958962,1111027382609,2015-02-08,1,0,285,49652,57.4,2,1,1,1,5,4,1982,3,2,0.333,0,1,1,8,84206
https://bj.lianjia.com/chengjiao/101100318108.html,101100318108,116.34715,39.806402,1111027374916,2016-08-12,28,16,308.5,34294,89.96,2,1,1,1,16,4,2007,4,6,0.5,1,1,0,4,41003
https://bj.lianjia.com/chengjiao/BJDC89749914.html,BJDC89749914,116.4471,39.879796,1111027382286,2015-09-13,1,31,505,40749,123.93,3,2,1,2,15,1,2004,3,6,0.3,1,1,1,1,75950
https://bj.lianjia.com/chengjiao/101100874777.html,101100874777,116.42911,39.956494,1111027376004,2016-12-27,34,3,713,99902,71.37,3,1,1,1,16,1,1992,3,6,0.25,1,0,1,1,95294
https://bj.lianjia.com/chengjiao/BJDC91373991.html,BJDC91373991,116.407187,39.896458,1111027380639,2016-01-17,1,0,198,56881,34.81,1,1,1,1,6,4,1980,4,2,0.333,0,1,1,1,77274
https://bj.lianjia.com/chengjiao/101102091210.html,101102091210,116.308665,40.103198,1111027378131,2017-12-10,85,179,293,46479,63.04,1,1,1,1,9,3,2011,4,6,0.333,0,1,0,6,49144
https://bj.lianjia.com/chengjiao/BJHD91529692.html,BJHD91529692,116.257014,40.054948,1111027376153,2016-02-21,1,14,835,47347,176.36,3,1,1,3,5,4,2005,1,2,0.5,0,0,1,8,75490
https://bj.lianjia.com/chengjiao/101102097804.html,101102097804,116.603118,39.906824,1111027382237,2017-12-09,82,0,472.5,56716,83.31,2,1,1,1,15,3,2010,1,6,0.5,1,1,0,7,57024
https://bj.lianjia.com/chengjiao/101101853874.html,101101853874,116.381487,39.881928,1111027378043,2017-09-04,43,68,756,98966,76.39,2,1,1,1,6,4,2001,1,2,0.5,0,1,1,10,103409
https://bj.lianjia.com/chengjiao/BJCY86131339.html,BJCY86131339,116.488534,39.875468,1111027379442,2013-07-31,1,1,168,36083,46.56,1,1,1,1,6,4,1994,1,2,0.333,0,1,1,7,56126
https://bj.lianjia.com/chengjiao/101101290298.html,101101290298,116.479692,40.0097,1111027380320,2017-03-13,7,1,488,80662,60.5,1,1,1,1,24,1,2001,3,6,0.25,1,1,1,7,59510
https://bj.lianjia.com/chengjiao/BJDX91801421.html,BJDX91801421,116.342088,39.749733,1111027378968,2016-03-27,1,12,179,32346,55.34,2,1,1,1,6,4,1992,4,2,0.333,0,1,1,4,41149
https://bj.lianjia.com/chengjiao/BJFT85172709.html,BJFT85172709,116.433425,39.844062,1111027373992,2013-08-08,1,4,270,27653,97.64,2,1,1,1,22,1,2003,1,6,0.273,1,0,1,2,45820
https://bj.lianjia.com/chengjiao/101100830484.html,101100830484,116.134792,39.743391,1111027375971,2016-11-21,11,25,238,22447,106.03,3,2,1,2,11,3,1999,4,6,0.167,1,1,0,5,28671
https://bj.lianjia.com/chengjiao/BJHD87369189.html,BJHD87369189,116.352299,40.062427,1111027382146,2014-05-08,10,1,392.5,44401,88.4,3,1,1,1,6,4,1996,1,2,0.25,0,1,1,8,74931
https://bj.lianjia.com/chengjiao/BJCY84689029.html,BJCY84689029,116.603118,39.906824,1111027382237,2012-07-17,1,0,254,21712,116.99,3,2,1,2,15,3,2010,1,6,0.667,1,0,0,7,57024
https://bj.lianjia.com/chengjiao/101100991376.html,101100991376,116.331607,39.777363,1111027377184,2017-01-21,30,13,381,47218,80.69,3,1,1,1,7,4,1998,3,2,0.5,0,1,1,4,45296
https://bj.lianjia.com/chengjiao/101100757300.html,101100757300,116.556567,39.952006,1111027379175,2017-01-07,77,69,320,48744,65.65,1,1,1,1,12,1,2008,1,6,0.2,1,0,0,7,48420
https://bj.lianjia.com/chengjiao/BJCY88651920.html,BJCY88651920,116.594761,39.936939,1111027381588,2015-03-16,1,3,260,24180,107.53,3,1,1,2,10,3,2006,4,6,0.5,1,0,0,7,50636
https://bj.lianjia.com/chengjiao/BJHD89796648.html,BJHD89796648,116.314388,39.972347,1111027382572,2015-12-08,1,1,278,46111,60.29,1,1,1,1,22,1,1998,1,6,0.143,1,0,1,8,75591
https://bj.lianjia.com/chengjiao/BJSJ88602059.html,BJSJ88602059,116.210318,39.916082,1111027375919,2015-05-03,1,3,277.5,31711,87.51,2,1,1,1,6,4,1999,3,2,0.333,0,1,1,9,50059
https://bj.lianjia.com/chengjiao/101100355865.html,101100355865,116.411481,40.059131,1111027373982,2016-08-15,20,3,715,47320,151.1,3,2,1,2,12,3,2008,1,6,0.5,1,1,1,6,55291
https://bj.lianjia.com/chengjiao/101100394116.html,101100394116,116.416156,40.082585,1111027380054,2016-12-05,124,85,410,36284,113,3,1,1,2,32,1,2003,4,2,0.3,1,1,1,6,33820
https://bj.lianjia.com/chengjiao/BJHD91687742.html,BJHD91687742,116.346988,40.035114,1111027378259,2016-03-13,1,6,212,45494,46.6,2,1,1,1,6,4,1980,3,2,0.25,0,1,0,8,64316
https://bj.lianjia.com/chengjiao/BJFT92277664.html,BJFT92277664,116.358042,39.847965,1111027374256,2016-06-11,1,11,333,40734,81.75,1,1,1,1,15,1,2007,4,6,0.25,1,1,1,2,69301
https://bj.lianjia.com/chengjiao/BJCY92284776.html,BJCY92284776,116.585783,39.880057,1111027377819,2016-06-12,1,5,156,26622,58.6,1,1,1,1,6,4,2008,3,2,0.5,0,1,0,7,37419
https://bj.lianjia.com/chengjiao/101101349620.html,101101349620,116.413046,40.056407,1111027376788,2017-04-04,18,52,376,57405,65.5,2,1,1,1,6,4,1998,4,2,0.167,0,0,0,6,47772
https://bj.lianjia.com/chengjiao/BJDX89526865.html,BJDX89526865,116.423905,39.791207,1111027374423,2015-05-26,1,0,246.8,27208,90.71,2,2,1,1,6,4,2009,1,6,0.5,1,0,0,4,44880
https://bj.lianjia.com/chengjiao/BJCP84252615.html,BJCP84252615,116.367231,40.088456,1111027375383,2012-02-22,1,0,187,15092,123.91,3,1,1,2,6,4,2006,1,2,0.5,0,0,1,6,44755
https://bj.lianjia.com/chengjiao/101101046890.html,101101046890,116.589658,39.925265,1111027375026,2017-02-22,47,111,430,45990,93.5,3,1,1,1,9,3,2005,4,6,0.333,1,1,0,7,53017
https://bj.lianjia.com/chengjiao/BJXC91664418.html,BJXC91664418,116.37913,39.887761,1111027378771,2016-04-24,1,18,430,68680,62.61,2,1,1,1,9,4,1999,3,6,1,1,1,1,10,91902
https://bj.lianjia.com/chengjiao/101100218395.html,101100218395,116.343687,40.08052,1111027378114,2016-07-20,29,6,550,24148,227.77,5,2,1,3,5,4,2002,4,2,0.5,0,0,1,6,41629
https://bj.lianjia.com/chengjiao/BJDC88020745.html,BJDC88020745,116.428467,39.902511,1111027380931,2015-04-09,1,7,525,56391,93.1,2,1,1,1,12,3,2001,3,6,0.25,1,1,1,1,87809
https://bj.lianjia.com/chengjiao/BJHD91223989.html,BJHD91223989,116.316963,40.056306,1111027382721,2016-02-02,1,20,206,37695,54.65,1,1,1,1,6,4,2000,4,2,0.25,0,1,1,8,52911
https://bj.lianjia.com/chengjiao/101101147486.html,101101147486,116.16608,39.771077,1111027377578,2017-02-13,3,0,336,38182,88,2,1,1,1,11,4,2011,4,6,0.333,1,0,0,5,34373
https://bj.lianjia.com/chengjiao/101101383896.html,101101383896,116.487649,39.985143,1111027374618,2017-07-25,123,261,360,50449,71.36,3,1,1,1,16,1,1986,4,6,0.5,1,1,1,7,57548
https://bj.lianjia.com/chengjiao/BJCY91158050.html,BJCY91158050,116.58468,39.935758,1111027378712,2016-01-23,1,11,388.8,40395,96.25,2,1,1,1,10,4,2007,4,6,0.2,1,1,1,7,59730
https://bj.lianjia.com/chengjiao/BJHD90670482.html,BJHD90670482,116.291418,39.937341,1111027374103,2015-10-31,1,1,307,52533,58.44,2,1,1,1,6,4,1995,2,2,0.5,0,1,1,8,75942
https://bj.lianjia.com/chengjiao/BJSY88528906.html,BJSY88528906,116.648422,40.137571,1111027381324,2014-11-16,1,0,130,19127,67.97,1,1,1,1,6,4,1995,4,2,0.5,0,1,1,13,39215
https://bj.lianjia.com/chengjiao/101101748339.html,101101748339,116.640545,39.911057,1111027380000,2017-09-06,71,8,373,54098,68.95,1,1,1,1,29,3,2009,3,6,0.5,1,1,1,11,47875
https://bj.lianjia.com/chengjiao/BJXC90172148.html,BJXC90172148,116.345325,39.903799,1111027377856,2015-11-22,1,36,375,60877,61.6,2,1,1,1,4,4,1964,2,4,0.333,0,1,0,10,101931
https://bj.lianjia.com/chengjiao/BJCY88736048.html,BJCY88736048,116.610993,39.895822,1111027379532,2015-04-12,1,6,120,21135,56.78,2,1,1,1,6,4,1988,4,2,0.333,0,0,0,7,43406
https://bj.lianjia.com/chengjiao/101100475897.html,101100475897,116.493317,39.929564,1111027373740,2016-08-28,6,2,248,53151,46.66,1,1,1,1,18,1,1996,3,6,0.2,1,0,1,7,58820
https://bj.lianjia.com/chengjiao/101100590358.html,101100590358,116.263323,40.218013,1111027376565,2016-09-21,5,1,325,35762,90.88,2,1,1,1,6,4,2000,3,2,0.5,0,0,0,6,36650
https://bj.lianjia.com/chengjiao/101102023811.html,101102023811,116.695201,39.934643,1111027375151,2017-09-17,16,35,354.2,31813,111.33,2,2,1,1,6,4,1996,4,2,0.5,0,1,0,11,36953
https://bj.lianjia.com/chengjiao/101092275941.html,101092275941,116.196292,39.931247,1111027381305,2016-08-07,72,12,409,30656,133.42,2,3,1,2,18,3,2005,4,6,0.4,1,1,0,9,50041
https://bj.lianjia.com/chengjiao/BJCY88658762.html,BJCY88658762,116.428389,39.99699,1111027375593,2015-05-30,1,21,200,34826,57.43,2,1,1,1,7,4,1994,2,2,0.5,0,0,1,7,64901
https://bj.lianjia.com/chengjiao/101102390571.html,101102390571,116.31531,39.865675,1111027374417,2017-12-14,3,0,472.5,60953,77.52,2,1,1,1,25,1,2001,3,6,0.3,1,1,1,2,56622
https://bj.lianjia.com/chengjiao/101102046003.html,101102046003,116.352899,39.889225,1111027374483,2017-10-22,47,98,510,85801,59.44,2,1,1,1,6,4,1991,4,2,0.5,0,1,1,10,79570
https://bj.lianjia.com/chengjiao/101101063923.html,101101063923,116.220283,40.043636,1111027376008,2017-02-16,36,25,615,70062,87.78,2,1,1,1,8,3,2010,4,6,0.5,1,0,0,8,63444
https://bj.lianjia.com/chengjiao/BJCP90017047.html,BJCP90017047,116.359156,40.079209,1111027378212,2015-12-24,1,4,320,21852,146.44,3,2,1,2,6,4,2005,2,2,0.5,0,1,0,6,37700
https://bj.lianjia.com/chengjiao/101100861294.html,101100861294,116.457526,39.8764,1111027375273,2016-12-11,22,57,330,53226,62,1,1,1,1,16,1,2009,3,6,0.188,1,0,1,7,49691
https://bj.lianjia.com/chengjiao/101100404482.html,101100404482,116.349005,40.079347,1111027378112,2016-08-19,13,16,437.5,41959,104.27,3,1,1,1,6,4,2003,4,2,0.5,0,0,1,6,44326
https://bj.lianjia.com/chengjiao/101092167726.html,101092167726,116.272671,39.925011,1111027377124,2016-07-17,68,49,357,57767,61.8,2,1,1,1,4,4,1994,4,4,0.5,0,1,0,8,69369
https://bj.lianjia.com/chengjiao/BJCY91248756.html,BJCY91248756,116.504655,39.965482,1111027379818,2015-12-30,1,3,255,35595,71.64,1,1,1,1,31,1,2003,4,6,0.375,1,1,0,7,64395
https://bj.lianjia.com/chengjiao/BJCY91751514.html,BJCY91751514,116.426051,39.996743,1111027374818,2016-03-13,1,0,355,59079,60.09,1,1,1,1,20,1,1998,1,6,0.2,1,0,1,7,82336
https://bj.lianjia.com/chengjiao/101100672925.html,101100672925,116.441502,39.872065,1111027374184,2016-11-10,37,14,808,47366,170.59,4,2,1,2,25,1,1995,4,6,0.5,1,0,1,2,60647
https://bj.lianjia.com/chengjiao/101091672511.html,101091672511,116.344224,39.881161,1111027377263,2017-02-27,362,81,1170,70533,165.88,3,2,1,2,22,1,2000,4,6,0.25,1,1,0,2,71559
https://bj.lianjia.com/chengjiao/101101156906.html,101101156906,116.476467,39.888742,1111027378489,2017-03-13,29,37,493.5,65792,75.01,3,1,1,1,6,4,1991,4,2,0.5,0,1,1,7,59015
https://bj.lianjia.com/chengjiao/BJYZ88971633.html,BJYZ88971633,116.445417,39.783232,1111027373788,2015-03-04,1,0,166,25129,66.06,1,1,1,1,6,4,2004,4,2,0.5,0,1,0,4,41688
https://bj.lianjia.com/chengjiao/BJSY85210394.html,BJSY85210394,116.66841,40.142858,1111027377166,2012-12-18,1,0,215,17970,119.65,3,2,1,2,20,4,2011,1,6,0.667,1,0,1,13,40114
https://bj.lianjia.com/chengjiao/101091980081.html,101091980081,116.511419,39.981872,1111027379180,2016-07-07,86,45,315,39658,79.43,1,1,1,1,16,4,2004,4,6,0.333,1,1,0,7,48169
https://bj.lianjia.com/chengjiao/101101190669.html,101101190669,116.387828,39.852874,1111027377276,2017-03-16,27,95,385,64598,59.6,2,1,1,1,6,4,1993,4,2,0.5,0,0,1,2,53301
https://bj.lianjia.com/chengjiao/101091995422.html,101091995422,116.343001,39.964408,1111027382494,2016-08-10,118,22,428,74773,57.24,2,1,1,1,5,4,1982,3,2,0.333,0,1,0,8,86585
https://bj.lianjia.com/chengjiao/101100521211.html,101100521211,116.388786,39.857338,1111027379725,2016-09-26,25,13,359,57950,61.95,1,1,1,1,21,1,2004,4,6,0.25,1,1,1,2,52970
https://bj.lianjia.com/chengjiao/BJDX92243373.html,BJDX92243373,116.371423,39.803826,1111027380074,2016-06-05,1,14,213,28668,74.3,2,1,1,1,6,4,1997,4,2,0.5,0,0,0,4,41055
https://bj.lianjia.com/chengjiao/101101850727.html,101101850727,116.350909,39.745849,1111027374314,2017-12-28,158,205,185,33509,55.21,2,1,1,1,6,4,1983,4,2,0.333,0,1,1,4,38492
https://bj.lianjia.com/chengjiao/101101658800.html,101101658800,116.502784,39.961221,1111027373812,2017-07-12,39,84,1345,65020,206.86,4,3,1,3,16,4,2001,4,6,0.5,1,1,1,7,61067
https://bj.lianjia.com/chengjiao/BJCP89096077.html,BJCP89096077,116.422479,40.06389,1111027375783,2015-05-10,1,0,233,21786,106.95,2,1,1,1,19,1,2004,3,6,0.15,1,1,1,6,43211
https://bj.lianjia.com/chengjiao/BJCY89824385.html,BJCY89824385,116.581295,39.910614,1111027379297,2015-08-21,1,12,208,22256,93.46,2,2,1,1,6,4,2004,4,6,0.333,0,1,1,7,45307
https://bj.lianjia.com/chengjiao/101100255843.html,101100255843,116.247008,39.906426,1111027382209,2016-08-16,46,30,396,51516,76.87,2,1,1,1,26,3,2007,4,6,0.25,1,1,0,9,64222
https://bj.lianjia.com/chengjiao/101100431645.html,101100431645,116.34816,39.904437,1111027376264,2016-09-12,31,21,429,101180,42.4,1,1,1,1,6,4,1987,4,2,0.333,0,0,0,10,129351
https://bj.lianjia.com/chengjiao/101101000960.html,101101000960,116.31681,39.768231,1111027379689,2017-02-23,61,49,352,76639,45.93,2,1,1,2,16,3,2012,4,6,0.167,1,0,0,4,68041
https://bj.lianjia.com/chengjiao/101100491838.html,101100491838,116.379323,40.045094,1111027374646,2016-08-31,6,3,920,56484,162.88,3,2,1,2,6,4,2011,4,6,0.5,1,0,0,8,73109
https://bj.lianjia.com/chengjiao/101100520871.html,101100520871,116.437967,40.001107,1111027379321,2016-09-06,5,11,500,70672,70.75,2,1,1,1,12,3,1996,3,6,1,1,1,1,7,69698
https://bj.lianjia.com/chengjiao/101100431916.html,101100431916,116.41718,39.851679,1111027374516,2016-08-31,19,27,335,46322,72.32,2,1,1,1,20,1,2000,4,6,0.2,1,1,1,2,48814
https://bj.lianjia.com/chengjiao/101100292054.html,101100292054,116.45457,39.809878,1111027378970,2016-08-24,46,54,247,29933,82.52,3,1,1,1,6,4,1995,3,2,0.333,0,1,0,4,40430
https://bj.lianjia.com/chengjiao/101102042520.html,101102042520,116.557355,39.953387,1111027374821,2017-12-07,94,43,233,51030,45.66,2,0,1,1,6,4,1986,3,2,0.5,0,1,0,7,46789
https://bj.lianjia.com/chengjiao/101100758565.html,101100758565,116.460032,39.879667,1111027375352,2016-12-07,46,47,373,58419,63.85,2,1,1,1,22,1,1990,1,6,0.25,1,1,1,7,55722
https://bj.lianjia.com/chengjiao/101101642860.html,101101642860,116.212294,39.897437,1111042959158,2017-06-18,18,184,275,41992,65.49,2,1,1,1,15,3,2010,4,6,0.083,0,1,0,9,33628
https://bj.lianjia.com/chengjiao/101101597406.html,101101597406,116.372382,39.958962,1111027382609,2017-07-15,58,0,477,87044,54.8,2,1,1,1,6,4,1996,3,2,0.333,0,1,1,8,84206
https://bj.lianjia.com/chengjiao/101100326655.html,101100326655,116.445996,40.069568,1111027380049,2016-08-18,32,18,346.8,34378,100.88,2,1,1,1,18,1,2001,3,2,0.25,1,1,0,6,38156
https://bj.lianjia.com/chengjiao/BJHD90708683.html,BJHD90708683,116.287746,40.038617,1111027381142,2015-10-22,1,0,478,81808,58.43,1,1,1,1,8,4,2009,1,6,0.25,1,0,1,8,92027
https://bj.lianjia.com/chengjiao/BJCY91534855.html,BJCY91534855,116.456697,39.922284,1111027376820,2016-02-04,1,1,430,64324,66.85,2,1,1,1,18,1,1989,3,6,0.25,1,1,1,7,77040
https://bj.lianjia.com/chengjiao/BJCY92000371.html,BJCY92000371,116.544954,39.971689,1111042722170,2016-05-10,1,18,511,57038,89.59,3,1,1,1,6,4,2013,1,6,0.5,1,0,0,7,64868
https://bj.lianjia.com/chengjiao/BJCY91306974.html,BJCY91306974,116.594761,39.921447,1111027374857,2016-01-02,1,1,178,29781,59.77,3,1,1,1,6,4,1987,4,2,0.333,0,0,0,7,45906
https://bj.lianjia.com/chengjiao/101100617795.html,101100617795,116.301832,39.972868,1111027376101,2016-09-29,7,9,1580,134813,117.2,3,2,1,2,16,1,2003,4,6,0.286,1,0,1,8,132223
https://bj.lianjia.com/chengjiao/BJCY89904921.html,BJCY89904921,116.429743,39.96941,1111027375182,2015-09-29,1,12,447,53444,83.64,3,1,1,1,6,4,1994,3,2,0.333,0,1,1,7,68656
https://bj.lianjia.com/chengjiao/BJHD91702309.html,BJHD91702309,116.281947,39.941862,1111027380337,2016-03-24,1,53,400,51821,77.19,2,1,1,1,9,3,1998,3,6,0.1,1,1,1,8,74142
https://bj.lianjia.com/chengjiao/BJCY91561716.html,BJCY91561716,116.462185,39.884984,1111027378741,2016-03-09,1,33,248,34095,72.74,2,1,1,1,18,1,1998,3,6,0.143,1,1,1,7,55151
https://bj.lianjia.com/chengjiao/101102055091.html,101102055091,116.673595,40.124882,1111027381897,2017-10-06,28,33,390,45834,85.09,2,1,1,1,6,4,1998,3,2,0.5,0,1,0,13,38574
https://bj.lianjia.com/chengjiao/BJHD85603404.html,BJHD85603404,116.284755,39.93453,1111027376911,2013-03-26,1,0,457,41005,111.45,2,1,1,1,15,3,2009,1,6,0.333,1,1,1,8,70141
https://bj.lianjia.com/chengjiao/101101607333.html,101101607333,116.41917,40.124757,1111027380872,2017-07-31,71,129,360,38120,94.44,2,2,1,1,7,4,2002,4,2,0.333,0,1,0,6,35860
https://bj.lianjia.com/chengjiao/101100856806.html,101100856806,116.43942,40.072066,1111027380051,2016-12-09,21,15,436,41924,104,2,1,1,1,6,4,2001,4,2,0.5,0,1,0,6,40934
https://bj.lianjia.com/chengjiao/BJSJ88595700.html,BJSJ88595700,116.205944,39.935694,1111027375178,2015-01-17,1,1,270,32101,84.11,2,1,1,1,14,4,2001,3,6,0.5,0,1,0,9,47066
https://bj.lianjia.com/chengjiao/101101103588.html,101101103588,116.421263,39.946757,1111027377077,2017-02-09,5,17,975,134743,72.36,2,1,1,1,11,3,2003,4,2,0.25,1,1,1,1,123223
https://bj.lianjia.com/chengjiao/101091820307.html,101091820307,116.406986,39.971716,1111027375609,2016-06-29,100,49,365,67593,54,2,1,1,1,6,4,1986,3,2,0.5,0,1,1,7,75583
https://bj.lianjia.com/chengjiao/101100279913.html,101100279913,116.430477,40.001053,1111027382199,2016-07-30,24,6,660,46437,142.13,3,2,1,2,24,1,2000,3,6,0.3,1,0,0,7,59927
https://bj.lianjia.com/chengjiao/101092194036.html,101092194036,116.488479,39.993976,1111027377281,2016-06-27,44,3,848.5,53901,157.42,3,2,1,2,27,3,2006,4,6,0.667,1,1,1,7,70650
https://bj.lianjia.com/chengjiao/101101735618.html,101101735618,116.377942,39.847498,1111027382744,2017-12-11,170,299,491,54623,89.89,2,1,1,1,16,4,2009,4,6,0.162,1,1,1,2,57950
https://bj.lianjia.com/chengjiao/BJCY86011746.html,BJCY86011746,116.601064,40.051325,1111027382163,2013-09-27,1,3,122,19204,63.53,2,1,1,1,3,4,1957,1,4,0.333,0,0,0,7,37296
https://bj.lianjia.com/chengjiao/BJCY90280365.html,BJCY90280365,116.454903,39.882809,1111027378740,2015-09-20,1,6,239,33343,71.68,2,1,1,1,16,1,1990,3,6,0.286,1,1,0,7,57180
https://bj.lianjia.com/chengjiao/101092297410.html,101092297410,116.386555,40.0865,1111027382546,2016-07-07,38,12,369,41932,88,2,1,1,1,10,4,2009,3,6,0.333,1,0,0,6,47574
https://bj.lianjia.com/chengjiao/101100312293.html,101100312293,116.360877,39.902029,1111027374888,2017-01-22,192,237,439,91842,47.8,2,0,1,1,6,4,1992,1,2,0.031,0,1,1,10,90647
https://bj.lianjia.com/chengjiao/101101919585.html,101101919585,116.358011,39.882948,1111027380100,2017-08-27,20,0,870,64545,134.79,2,1,1,1,18,1,2000,4,6,0.2,1,0,0,10,63154
https://bj.lianjia.com/chengjiao/101100909464.html,101100909464,116.357041,40.033886,1111027379497,2017-02-09,70,79,633,64950,97.46,2,1,1,1,28,1,2005,4,6,0.3,1,1,0,8,62924
https://bj.lianjia.com/chengjiao/101100632914.html,101100632914,116.4388,40.054941,1111027375158,2017-01-01,98,31,573,85332,67.15,2,1,1,2,17,3,2011,4,6,0.174,1,0,1,7,77695
https://bj.lianjia.com/chengjiao/BJHD90449705.html,BJHD90449705,116.354191,40.035178,1111027378966,2015-12-05,1,16,590,42392,139.18,3,2,1,2,22,3,2009,4,6,0.4,1,0,0,8,65278
https://bj.lianjia.com/chengjiao/101100568489.html,101100568489,116.612342,39.935122,1111041137077,2016-09-13,2,12,295,47405,62.23,1,1,1,1,11,3,2013,4,6,0.25,1,0,1,7,44892
https://bj.lianjia.com/chengjiao/101102250526.html,101102250526,116.453086,39.898397,1111027374519,2017-11-03,5,0,1750,100633,173.9,3,2,1,2,27,4,2009,4,6,1,1,0,1,1,78590
https://bj.lianjia.com/chengjiao/BJHD89044621.html,BJHD89044621,116.32397,39.933336,1111027374151,2015-05-02,1,4,400,64206,62.3,3,1,1,1,18,4,1985,3,6,0.25,1,1,1,8,101493
https://bj.lianjia.com/chengjiao/101100783551.html,101100783551,116.268601,39.933567,1111027377818,2016-12-02,33,20,850,79417,107.03,2,1,1,2,9,4,2005,4,6,0.2,1,1,0,8,91180
https://bj.lianjia.com/chengjiao/101101851802.html,101101851802,116.371815,40.022013,1111027375613,2017-07-30,7,16,898,75412,119.08,2,1,1,2,15,4,2004,4,6,0.333,1,1,0,7,81581
https://bj.lianjia.com/chengjiao/101101698779.html,101101698779,116.456795,39.973905,1111027380148,2017-10-12,120,0,2160,71434,302.38,4,2,1,3,28,4,2002,4,6,0.5,1,1,1,7,86465
https://bj.lianjia.com/chengjiao/101101305500.html,101101305500,116.521561,39.923289,1111027374631,2017-03-16,7,14,299.5,72396,41.37,1,1,1,1,16,3,1989,4,6,0.286,1,0,1,7,54975
https://bj.lianjia.com/chengjiao/101100441376.html,101100441376,116.367137,40.040209,1111027382073,2016-08-20,6,13,345,59907,57.59,2,1,1,1,6,4,1998,4,2,0.333,0,1,1,8,64588
https://bj.lianjia.com/chengjiao/101101709261.html,101101709261,116.488832,39.932702,1111027380005,2017-08-16,60,55,350,60775,57.59,2,1,1,1,6,4,1986,3,2,0.5,0,1,1,7,61237
https://bj.lianjia.com/chengjiao/101102329557.html,101102329557,116.467356,39.906024,1111027379302,2017-12-23,32,73,308,49202,62.6,2,1,1,1,7,4,1982,3,2,0.25,0,1,1,7,60436
https://bj.lianjia.com/chengjiao/BJXC91648749.html,BJXC91648749,116.389264,39.886874,1111027376481,2016-03-08,1,2,720,65236,110.37,2,1,1,1,16,1,2004,3,6,0.3,1,1,1,10,91507
https://bj.lianjia.com/chengjiao/BJSY88000312.html,BJSY88000312,116.636725,40.031531,1111027381757,2014-11-19,1,0,143,14676,97.44,2,1,1,1,7,4,1999,1,2,0.5,0,0,0,13,30962
https://bj.lianjia.com/chengjiao/BJHD89098870.html,BJHD89098870,116.268601,39.933567,1111027377818,2015-03-27,1,0,550,50279,109.39,2,1,1,1,9,4,2005,1,6,0.2,1,0,0,8,91180
https://bj.lianjia.com/chengjiao/BJFT90395506.html,BJFT90395506,116.395716,39.846811,1111027382238,2015-12-24,1,10,678.5,38005,178.53,5,2,2,2,11,4,2007,4,6,0.5,1,1,1,2,60067
https://bj.lianjia.com/chengjiao/BJHD89824871.html,BJHD89824871,116.333303,39.974734,1111027379682,2015-08-23,1,28,313,62600,50,2,1,1,1,6,4,1985,4,2,0.333,0,1,1,8,89988
https://bj.lianjia.com/chengjiao/BJSJ91770229.html,BJSJ91770229,116.196292,39.931247,1111027381305,2016-03-19,1,3,232,33106,70.08,2,1,1,1,22,3,2004,3,6,0.4,1,1,0,9,50041
https://bj.lianjia.com/chengjiao/101092203075.html,101092203075,116.341759,39.755588,1111027376441,2016-07-14,60,40,220,34554,63.67,1,1,1,1,18,3,2007,3,6,0.333,1,0,1,4,46505
https://bj.lianjia.com/chengjiao/101100508300.html,101100508300,116.385168,39.900454,1111027376564,2016-09-26,28,49,524,109281,47.95,1,1,1,1,18,1,1999,4,6,0.143,1,1,1,10,106865
https://bj.lianjia.com/chengjiao/101102075878.html,101102075878,116.444356,39.932936,1111027377769,2017-09-18,5,10,2000,59954,333.59,5,2,1,2,5,4,2003,3,6,0.5,1,1,1,7,83273
https://bj.lianjia.com/chengjiao/101100719069.html,101100719069,116.497474,39.810115,1111027377957,2017-01-03,82,15,150,41448,36.19,1,0,1,1,24,1,2009,4,6,0.25,1,0,1,3,54282
https://bj.lianjia.com/chengjiao/BJCY91764086.html,BJCY91764086,116.42796,40.041263,1111027376276,2016-04-04,1,23,235,43136,54.48,2,1,1,1,6,4,1984,3,2,0.333,0,1,1,7,56356
https://bj.lianjia.com/chengjiao/BJSY86499338.html,BJSY86499338,116.673369,40.111803,1111027379636,2014-01-05,1,9,153,18443,82.96,2,1,1,1,6,4,2002,1,2,0.5,0,0,0,13,35434
https://bj.lianjia.com/chengjiao/BJCP90316662.html,BJCP90316662,116.315445,40.074203,1111047349969,2016-01-01,1,4,268,30640,87.47,2,1,1,1,28,4,2013,1,6,0.667,1,0,0,6,45536
https://bj.lianjia.com/chengjiao/101100223000.html,101100223000,116.330357,39.692063,1111041787770,2016-07-17,24,45,240,28236,85,2,1,1,1,26,3,2014,1,6,0.125,1,0,1,4,43597
https://bj.lianjia.com/chengjiao/101100422514.html,101100422514,116.446371,39.964132,1111027377871,2016-08-26,16,3,360,78261,46,1,1,1,1,24,1,1997,3,6,0.3,1,0,0,7,73469
https://bj.lianjia.com/chengjiao/BJCP86041448.html,BJCP86041448,116.432684,40.077562,1111027380057,2013-06-20,1,0,148.2,14246,104,2,1,1,1,6,4,2007,1,2,0.5,0,0,0,6,38384
https://bj.lianjia.com/chengjiao/101100646403.html,101100646403,116.482231,40.009521,1111027380322,2016-10-15,17,22,482,64534,74.69,2,1,1,1,6,4,1997,3,2,0.5,0,0,1,7,66864
https://bj.lianjia.com/chengjiao/BJDX87479523.html,BJDX87479523,116.335491,39.780886,1111027375995,2014-05-13,1,2,293,32212,90.96,3,2,1,1,24,3,2013,2,6,0.5,1,0,1,4,56901
https://bj.lianjia.com/chengjiao/BJCY02072665.html,BJCY02072665,116.480977,39.886406,1111027378258,2011-10-31,1,0,102.5,22479,45.6,1,1,1,1,6,4,1992,1,4,0.5,0,0,1,7,59606
https://bj.lianjia.com/chengjiao/101100309746.html,101100309746,116.33544500000001,39.737634,1111027381667,2016-09-12,61,10,400,43460,92.04,2,1,1,1,15,4,2009,1,6,0.667,1,0,1,4,43252
https://bj.lianjia.com/chengjiao/BJCP90783653.html,BJCP90783653,116.330198,40.074228,1111027381003,2015-11-08,1,6,297,29576,100.42,2,2,1,1,20,4,2007,4,6,0.667,1,1,1,6,50205
https://bj.lianjia.com/chengjiao/101100358971.html,101100358971,116.509143,39.925387,1111027375038,2016-07-31,5,8,433,47962,90.28,2,1,1,1,33,1,2008,3,6,0.3,1,1,1,7,56336
https://bj.lianjia.com/chengjiao/BJCY85291191.html,BJCY85291191,116.427682,40.050832,1111027376254,2012-12-30,1,0,280,28045,99.84,2,2,1,2,25,1,2004,1,6,0.3,1,0,1,7,46667
https://bj.lianjia.com/chengjiao/BJCY92042773.html,BJCY92042773,116.505445,39.939085,1111027379229,2016-05-05,1,41,175,38202,45.81,1,1,1,1,6,4,1993,3,2,0.5,0,1,0,7,58964
